Label,GPT-3.5,GPT-4,PaLM 2,Llama 2,Human
Age,0.207360914,0.409196717,0.43730317,-0.175691939,0.497
Fitness,-0.168676286,-0.160863416,-0.3549547,0.137236316,0.16
Gender,0.344256754,0.314627388,0.58145784,-0.156777056,0.119
Intervention,0.09774473,0.149771276,0.01689798,-0.036771176,0.061
Law,0.045551158,0.610739087,0.07292649,-0.129741978,0.353
No. Characters,0.544889315,0.887034672,-0.29777361,0.593417943,0.651
Relation to AV,0.33036483,0.451600641,0.69719596,-0.181667314,0.097
Social Status,0.007137038,0.202850903,-0.1128451,0.302389537,0.345
Species,0.52449709,0.964695149,0.625219,0.032063972,0.585